InvoiceNo,Item
1,Bread
2,Tea
2,Milk
2,Butter
3,Butter
3,Milk
3,Coffee
3,Sugar
4,Coffee
4,Sugar
5,Bread
5,Tea
5,Sugar
5,Milk
5,Coffee
5,Butter
6,Jam
6,Sugar
6,Butter
7,Milk
7,Butter
7,Coffee
7,Cookie
7,Bread
8,Coffee
8,Bread
8,Tea
8,Butter
9,Milk
9,Tea
9,Jam
10,Jam
10,Bread
10,Butter
11,Bread
12,Tea
12,Butter
13,Jam
13,Sugar
13,Coffee
14,Coffee
14,Butter
14,Sugar
15,Milk
15,Coffee
15,Cookie
15,Butter
15,Tea
16,Sugar
16,Tea
16,Milk
16,Jam
17,Bread
17,Tea
17,Milk
17,Coffee
17,Butter
17,Sugar
18,Sugar
18,Bread
18,Tea
18,Butter
19,Sugar
19,Cookie
19,Coffee
20,Sugar
20,Coffee
20,Butter
20,Cookie
20,Tea
21,Butter
21,Coffee
22,Tea
22,Cookie
22,Butter
22,Sugar
22,Milk
23,Butter
24,Coffee
24,Bread
24,Sugar
24,Butter
25,Sugar
25,Jam
26,Coffee
26,Bread
26,Sugar
26,Butter
27,Milk
27,Jam
27,Coffee
27,Butter
27,Sugar
28,Tea
29,Sugar
29,Coffee
29,Milk
29,Cookie
29,Jam
30,Butter
30,Jam
30,Tea
31,Bread
31,Cookie
31,Tea
31,Jam
31,Butter
32,Tea
32,Sugar
32,Cookie
33,Jam
33,Bread
34,Sugar
34,Cookie
35,Jam
35,Milk
36,Jam
36,Milk
37,Milk
37,Coffee
37,Tea
37,Cookie
37,Jam
37,Sugar
38,Jam
38,Sugar
39,Milk
39,Coffee
39,Tea
39,Bread
39,Sugar
39,Butter
40,Milk
40,Coffee
41,Coffee
41,Jam
41,Milk
41,Bread
41,Cookie
41,Sugar
41,Butter
42,Bread
42,Tea
42,Jam
42,Butter
43,Coffee
43,Jam
43,Tea
43,Sugar
44,Sugar
44,Bread
44,Tea
45,Butter
45,Bread
45,Jam
45,Tea
45,Milk
46,Cookie
46,Butter
46,Tea
46,Jam
46,Bread
47,Milk
47,Bread
47,Butter
47,Tea
48,Tea
48,Coffee
48,Jam
48,Sugar
48,Bread
49,Cookie
49,Milk
50,Tea
50,Milk
50,Jam
50,Butter
50,Cookie
51,Coffee
51,Butter
51,Sugar
52,Milk
52,Cookie
52,Tea
52,Jam
53,Cookie
53,Butter
54,Cookie
54,Jam
54,Coffee
54,Tea
54,Sugar
55,Bread
55,Jam
55,Milk
56,Sugar
57,Tea
57,Cookie
58,Sugar
58,Jam
58,Bread
59,Bread
59,Jam
60,Butter
60,Cookie
60,Jam
61,Cookie
61,Butter
61,Tea
62,Tea
62,Butter
62,Milk
62,Bread
63,Butter
63,Bread
64,Butter
64,Jam
64,Cookie
64,Bread
65,Jam
65,Tea
65,Milk
66,Milk
66,Jam
66,Bread
66,Cookie
66,Tea
67,Sugar
68,Sugar
68,Coffee
68,Milk
68,Cookie
68,Jam
69,Sugar
70,Coffee
70,Milk
71,Bread
71,Butter
72,Bread
72,Coffee
72,Cookie
72,Sugar
73,Jam
74,Tea
74,Jam
75,Tea
75,Jam
75,Butter
75,Cookie
75,Coffee
75,Sugar
76,Cookie
76,Sugar
77,Cookie
77,Bread
77,Tea
77,Butter
77,Milk
78,Tea
78,Coffee
78,Cookie
78,Sugar
79,Tea
79,Bread
79,Butter
79,Jam
80,Bread
80,Jam
81,Bread
81,Sugar
82,Bread
82,Sugar
82,Jam
82,Coffee
82,Butter
83,Cookie
83,Milk
83,Jam
84,Milk
84,Butter
85,Sugar
85,Jam
85,Milk
86,Milk
86,Jam
86,Butter
87,Coffee
87,Sugar
88,Bread
88,Sugar
88,Milk
89,Bread
89,Sugar
89,Butter
90,Bread
90,Butter
91,Milk
91,Butter
91,Jam
91,Cookie
91,Coffee
91,Sugar
92,Bread
92,Butter
93,Tea
93,Milk
94,Bread
94,Sugar
94,Butter
94,Milk
95,Sugar
95,Coffee
95,Tea
96,Cookie
97,Milk
97,Jam
97,Coffee
97,Sugar
97,Tea
98,Milk
98,Sugar
99,Sugar
99,Coffee
99,Milk
99,Butter
99,Jam
100,Butter
100,Coffee
100,Tea
100,Sugar
101,Coffee
101,Cookie
101,Sugar
102,Sugar
102,Tea
103,Sugar
104,Coffee
104,Jam
104,Tea
104,Bread
104,Butter
105,Coffee
105,Sugar
105,Bread
105,Butter
106,Jam
106,Cookie
106,Coffee
106,Bread
106,Milk
106,Sugar
107,Butter
108,Milk
108,Cookie
108,Butter
108,Bread
108,Coffee
108,Sugar
109,Tea
109,Jam
109,Bread
109,Butter
110,Milk
110,Butter
110,Sugar
111,Butter
111,Sugar
111,Coffee
112,Cookie
112,Butter
113,Cookie
114,Tea
114,Cookie
114,Milk
114,Sugar
114,Bread
114,Butter
115,Coffee
115,Jam
115,Sugar
116,Sugar
116,Butter
116,Jam
116,Coffee
117,Milk
118,Coffee
118,Butter
118,Bread
118,Tea
118,Sugar
119,Sugar
119,Jam
120,Jam
120,Milk
120,Tea
120,Sugar
121,Cookie
121,Milk
121,Sugar
122,Jam
122,Tea
123,Tea
123,Milk
123,Sugar
124,Tea
125,Jam
125,Tea
125,Bread
125,Sugar
125,Butter
126,Coffee
126,Bread
126,Butter
127,Tea
127,Milk
128,Milk
128,Coffee
128,Sugar
129,Butter
130,Coffee
130,Tea
130,Milk
130,Bread
130,Jam
130,Sugar
131,Bread
131,Jam
131,Milk
131,Butter
132,Sugar
133,Bread
134,Milk
134,Sugar
134,Cookie
134,Tea
135,Sugar
136,Bread
136,Butter
136,Coffee
136,Sugar
137,Sugar
137,Tea
137,Jam
137,Milk
138,Tea
139,Bread
139,Sugar
139,Tea
139,Cookie
139,Butter
140,Coffee
140,Bread
140,Sugar
140,Butter
141,Milk
141,Butter
141,Coffee
141,Sugar
142,Tea
142,Bread
142,Butter
142,Coffee
142,Jam
143,Sugar
143,Tea
143,Cookie
143,Jam
144,Milk
144,Coffee
144,Sugar
144,Butter
144,Tea
145,Tea
145,Milk
145,Coffee
145,Butter
145,Sugar
146,Coffee
146,Jam
146,Cookie
146,Bread
146,Sugar
147,Cookie
147,Butter
148,Bread
148,Butter
149,Milk
149,Bread
149,Butter
150,Coffee
150,Butter
150,Tea
150,Milk
150,Sugar
151,Sugar
151,Coffee
151,Milk
151,Tea
152,Sugar
152,Cookie
152,Tea
152,Coffee
152,Jam
153,Tea
153,Bread
154,Sugar
154,Jam
154,Cookie
154,Milk
155,Tea
155,Sugar
155,Coffee
155,Bread
155,Cookie
155,Butter
156,Jam
156,Bread
156,Tea
156,Cookie
156,Butter
157,Tea
157,Cookie
157,Coffee
157,Bread
157,Jam
157,Sugar
157,Butter
158,Sugar
158,Milk
158,Cookie
158,Tea
158,Bread
158,Butter
159,Jam
159,Coffee
160,Butter
161,Milk
161,Bread
162,Milk
162,Cookie
162,Sugar
162,Butter
163,Tea
163,Bread
163,Butter
163,Coffee
163,Milk
163,Sugar
164,Bread
164,Cookie
164,Butter
164,Coffee
164,Sugar
165,Tea
165,Cookie
165,Sugar
166,Cookie
166,Sugar
167,Bread
168,Butter
168,Sugar
168,Tea
168,Coffee
169,Cookie
169,Bread
169,Butter
170,Cookie
171,Bread
171,Jam
171,Tea
171,Milk
171,Butter
172,Tea
172,Cookie
173,Bread
174,Bread
174,Coffee
174,Sugar
174,Jam
175,Butter
175,Milk
175,Sugar
176,Butter
176,Tea
176,Sugar
176,Milk
177,Coffee
177,Sugar
178,Butter
178,Tea
178,Bread
179,Cookie
179,Sugar
179,Jam
179,Bread
179,Butter
180,Bread
180,Coffee
180,Butter
181,Jam
181,Milk
182,Tea
182,Coffee
182,Butter
182,Cookie
182,Milk
182,Sugar
183,Coffee
183,Cookie
183,Milk
183,Tea
183,Sugar
184,Butter
184,Tea
185,Sugar
185,Tea
185,Jam
185,Bread
185,Coffee
185,Butter
186,Tea
187,Cookie
187,Bread
188,Sugar
188,Jam
188,Coffee
189,Butter
190,Butter
190,Cookie
190,Jam
190,Milk
190,Tea
191,Butter
192,Coffee
192,Tea
192,Jam
192,Milk
192,Cookie
193,Bread
193,Butter
194,Butter
195,Butter
196,Tea
196,Cookie
196,Coffee
197,Coffee
198,Sugar
198,Milk
198,Bread
198,Butter
198,Coffee
199,Milk
200,Cookie
200,Milk
201,Jam
201,Milk
201,Tea
202,Tea
202,Butter
202,Milk
203,Butter
204,Sugar
204,Cookie
205,Butter
206,Bread
206,Milk
206,Coffee
207,Jam
207,Sugar
208,Bread
208,Butter
209,Sugar
210,Coffee
210,Butter
210,Bread
210,Jam
210,Milk
210,Sugar
211,Cookie
211,Butter
211,Jam
212,Bread
212,Milk
212,Butter
212,Cookie
213,Tea
213,Cookie
213,Sugar
214,Jam
214,Sugar
214,Bread
214,Coffee
214,Butter
215,Tea
216,Milk
216,Butter
216,Bread
216,Jam
217,Tea
217,Coffee
218,Bread
218,Sugar
218,Butter
219,Sugar
220,Coffee
220,Sugar
220,Jam
221,Tea
222,Cookie
222,Butter
222,Sugar
222,Tea
222,Coffee
223,Cookie
223,Bread
223,Sugar
223,Butter
223,Jam
224,Butter
224,Bread
224,Milk
224,Cookie
224,Sugar
225,Bread
225,Butter
226,Jam
227,Jam
227,Butter
228,Coffee
228,Milk
228,Tea
228,Butter
228,Sugar
229,Sugar
229,Cookie
229,Jam
229,Milk
230,Sugar
230,Butter
231,Butter
231,Coffee
231,Milk
231,Tea
231,Cookie
231,Sugar
232,Tea
232,Coffee
232,Bread
232,Butter
233,Cookie
234,Coffee
234,Bread
234,Butter
234,Cookie
234,Sugar
235,Milk
236,Coffee
236,Milk
236,Bread
236,Butter
236,Sugar
237,Jam
237,Cookie
237,Tea
237,Sugar
238,Jam
238,Tea
238,Milk
238,Cookie
239,Sugar
239,Bread
240,Sugar
240,Coffee
240,Tea
240,Bread
240,Butter
241,Coffee
241,Butter
241,Tea
241,Sugar
241,Bread
242,Coffee
242,Sugar
243,Coffee
244,Butter
244,Cookie
244,Milk
245,Tea
246,Sugar
246,Bread
246,Butter
247,Milk
247,Jam
247,Coffee
247,Cookie
247,Butter
248,Jam
248,Bread
248,Coffee
248,Sugar
248,Butter
249,Bread
249,Coffee
249,Cookie
249,Jam
249,Butter
250,Tea
250,Cookie
250,Sugar
250,Jam
251,Coffee
251,Milk
251,Tea
251,Butter
251,Sugar
252,Cookie
252,Coffee
252,Tea
253,Tea
253,Sugar
254,Bread
254,Coffee
254,Sugar
254,Butter
255,Sugar
255,Milk
255,Butter
256,Milk
257,Cookie
257,Jam
257,Butter
258,Milk
258,Butter
258,Cookie
258,Coffee
258,Sugar
259,Coffee
259,Sugar
260,Sugar
260,Jam
261,Coffee
261,Bread
261,Sugar
262,Bread
262,Tea
262,Butter
263,Cookie
263,Bread
263,Tea
263,Jam
264,Butter
264,Tea
264,Milk
264,Bread
264,Sugar
265,Sugar
265,Bread
265,Milk
266,Coffee
266,Milk
266,Sugar
266,Butter
267,Jam
267,Coffee
267,Butter
267,Sugar
268,Tea
268,Bread
268,Sugar
269,Milk
269,Sugar
269,Jam
269,Butter
270,Bread
270,Cookie
270,Milk
270,Sugar
271,Butter
272,Coffee
272,Sugar
273,Cookie
273,Bread
273,Coffee
273,Sugar
273,Butter
274,Milk
274,Coffee
274,Bread
274,Jam
274,Cookie
274,Sugar
274,Butter
275,Jam
275,Coffee
275,Cookie
275,Sugar
276,Coffee
276,Sugar
277,Sugar
277,Coffee
277,Milk
277,Butter
278,Cookie
278,Jam
278,Bread
279,Milk
279,Jam
279,Cookie
279,Coffee
279,Butter
280,Milk
280,Tea
281,Tea
281,Jam
281,Cookie
281,Sugar
282,Bread
282,Sugar
282,Jam
282,Butter
283,Sugar
283,Bread
283,Jam
283,Butter
284,Milk
285,Milk
285,Coffee
285,Tea
285,Sugar
285,Jam
286,Bread
286,Butter
286,Milk
286,Jam
287,Milk
287,Cookie
287,Coffee
287,Butter
287,Sugar
288,Butter
288,Bread
288,Cookie
288,Sugar
288,Milk
289,Sugar
289,Cookie
289,Coffee
289,Tea
289,Jam
290,Sugar
291,Coffee
291,Butter
291,Sugar
291,Bread
291,Tea
292,Milk
292,Coffee
292,Sugar
293,Butter
293,Sugar
294,Jam
295,Tea
295,Coffee
295,Jam
295,Milk
295,Bread
295,Sugar
296,Milk
297,Milk
298,Tea
298,Sugar
299,Cookie
299,Jam
300,Tea
300,Jam
301,Milk
301,Jam
301,Sugar
301,Cookie
301,Bread
301,Butter
302,Tea
302,Sugar
302,Bread
302,Coffee
302,Butter
303,Coffee
303,Tea
303,Butter
303,Cookie
303,Bread
303,Sugar
304,Sugar
304,Tea
304,Milk
305,Jam
305,Tea
306,Tea
306,Butter
307,Coffee
307,Bread
307,Sugar
307,Butter
308,Milk
308,Sugar
308,Cookie
309,Jam
310,Cookie
310,Sugar
311,Coffee
311,Sugar
311,Cookie
311,Butter
312,Bread
312,Butter
312,Milk
313,Jam
313,Coffee
313,Butter
313,Tea
314,Jam
314,Sugar
315,Milk
315,Butter
315,Jam
316,Jam
316,Sugar
316,Coffee
317,Tea
317,Milk
318,Coffee
318,Sugar
318,Bread
318,Milk
318,Butter
319,Coffee
319,Butter
319,Bread
319,Tea
319,Sugar
320,Bread
320,Butter
320,Tea
320,Milk
321,Coffee
321,Sugar
321,Butter
321,Jam
321,Milk
322,Tea
322,Bread
322,Coffee
322,Sugar
322,Butter
323,Tea
323,Sugar
323,Cookie
323,Milk
323,Butter
324,Milk
324,Coffee
325,Milk
325,Bread
325,Butter
326,Bread
326,Cookie
326,Butter
327,Tea
327,Milk
327,Coffee
327,Butter
327,Sugar
328,Coffee
328,Butter
328,Milk
328,Sugar
329,Cookie
329,Sugar
330,Cookie
330,Sugar
330,Coffee
331,Jam
332,Coffee
332,Sugar
333,Jam
333,Cookie
333,Sugar
333,Milk
333,Bread
333,Butter
334,Milk
334,Cookie
335,Butter
335,Bread
335,Milk
335,Sugar
336,Butter
337,Cookie
337,Milk
338,Butter
338,Bread
338,Sugar
338,Coffee
339,Jam
339,Bread
339,Coffee
339,Butter
340,Butter
340,Tea
340,Milk
340,Cookie
340,Jam
341,Milk
341,Coffee
341,Sugar
342,Sugar
342,Coffee
342,Tea
342,Cookie
343,Jam
344,Sugar
344,Milk
344,Bread
344,Jam
344,Coffee
344,Butter
345,Jam
345,Sugar
346,Tea
346,Coffee
346,Bread
346,Sugar
346,Butter
347,Coffee
347,Tea
347,Butter
348,Coffee
348,Jam
348,Milk
348,Butter
348,Sugar
349,Jam
349,Cookie
349,Sugar
349,Bread
350,Cookie
351,Tea
351,Bread
351,Jam
351,Butter
351,Milk
352,Sugar
352,Milk
353,Jam
353,Sugar
353,Coffee
353,Butter
353,Tea
354,Sugar
355,Bread
355,Tea
355,Butter
355,Coffee
355,Sugar
356,Tea
356,Bread
356,Sugar
356,Cookie
356,Butter
357,Tea
357,Butter
358,Bread
358,Jam
358,Butter
359,Cookie
359,Sugar
360,Butter
360,Sugar
360,Bread
360,Jam
361,Cookie
361,Butter
361,Sugar
362,Sugar
362,Coffee
362,Milk
362,Butter
362,Cookie
363,Coffee
364,Jam
364,Sugar
364,Tea
364,Butter
365,Jam
365,Cookie
365,Butter
365,Tea
366,Butter
366,Jam
366,Milk
366,Cookie
366,Bread
367,Butter
367,Bread
367,Milk
367,Sugar
368,Cookie
368,Bread
368,Tea
368,Butter
368,Jam
369,Sugar
369,Coffee
369,Jam
370,Butter
370,Cookie
370,Sugar
370,Milk
371,Butter
371,Jam
371,Coffee
371,Sugar
372,Butter
372,Bread
373,Coffee
373,Jam
373,Butter
373,Bread
373,Sugar
374,Sugar
374,Cookie
375,Milk
376,Cookie
376,Sugar
376,Jam
377,Butter
377,Tea
377,Coffee
377,Cookie
378,Bread
378,Cookie
378,Sugar
378,Butter
378,Jam
379,Butter
379,Cookie
380,Tea
380,Sugar
380,Cookie
380,Bread
381,Butter
381,Sugar
382,Tea
382,Coffee
382,Sugar
383,Milk
384,Cookie
384,Jam
384,Butter
385,Cookie
385,Bread
385,Butter
386,Cookie
386,Jam
386,Coffee
386,Butter
386,Sugar
387,Tea
387,Butter
388,Coffee
388,Sugar
389,Milk
390,Sugar
390,Coffee
390,Butter
390,Milk
390,Jam
391,Bread
391,Butter
392,Tea
392,Cookie
393,Tea
393,Sugar
394,Butter
394,Cookie
395,Butter
395,Milk
395,Tea
395,Jam
396,Milk
397,Jam
397,Butter
397,Tea
397,Milk
397,Sugar
398,Jam
398,Bread
398,Cookie
398,Butter
399,Coffee
399,Sugar
400,Jam
400,Cookie
400,Bread
400,Tea
400,Milk
400,Butter
401,Milk
401,Cookie
401,Butter
401,Bread
402,Butter
402,Coffee
403,Coffee
403,Cookie
403,Butter
403,Sugar
404,Sugar
404,Jam
404,Milk
404,Butter
405,Coffee
405,Sugar
406,Coffee
406,Sugar
407,Bread
407,Butter
408,Coffee
408,Milk
408,Bread
408,Cookie
408,Butter
409,Bread
409,Milk
409,Jam
409,Sugar
409,Tea
409,Butter
410,Butter
410,Cookie
411,Jam
412,Cookie
412,Coffee
412,Tea
412,Sugar
413,Butter
413,Cookie
413,Coffee
413,Sugar
414,Bread
415,Bread
415,Butter
415,Milk
415,Tea
416,Cookie
416,Sugar
416,Milk
416,Jam
417,Milk
418,Sugar
419,Milk
419,Sugar
420,Bread
420,Jam
421,Butter
421,Jam
421,Cookie
422,Butter
422,Jam
422,Sugar
422,Bread
423,Bread
423,Sugar
423,Butter
424,Bread
424,Butter
425,Bread
425,Milk
425,Tea
425,Jam
425,Sugar
425,Butter
426,Butter
426,Milk
426,Jam
426,Bread
427,Sugar
427,Milk
427,Tea
428,Jam
428,Tea
428,Milk
428,Bread
428,Butter
429,Milk
430,Sugar
430,Bread
431,Bread
432,Milk
432,Bread
432,Butter
433,Tea
433,Bread
433,Cookie
433,Butter
434,Cookie
434,Jam
435,Cookie
435,Jam
435,Bread
435,Butter
436,Milk
437,Tea
437,Jam
437,Milk
437,Coffee
437,Cookie
437,Sugar
438,Milk
438,Cookie
438,Coffee
439,Jam
439,Tea
440,Coffee
440,Milk
440,Cookie
440,Jam
441,Milk
441,Jam
441,Bread
442,Cookie
442,Sugar
443,Butter
443,Bread
443,Sugar
443,Cookie
444,Sugar
444,Jam
444,Cookie
444,Butter
445,Bread
445,Jam
445,Coffee
445,Milk
445,Cookie
446,Cookie
447,Jam
447,Tea
447,Sugar
447,Coffee
447,Butter
448,Milk
448,Coffee
448,Butter
448,Sugar
449,Milk
449,Butter
449,Coffee
449,Sugar
450,Coffee
450,Bread
450,Butter
450,Sugar
451,Bread
451,Tea
451,Jam
451,Butter
451,Coffee
451,Sugar
452,Bread
452,Jam
452,Cookie
452,Sugar
452,Butter
453,Coffee
453,Sugar
454,Sugar
454,Milk
454,Cookie
454,Coffee
454,Jam
455,Cookie
455,Milk
455,Bread
456,Milk
457,Cookie
458,Cookie
458,Sugar
458,Tea
458,Bread
459,Tea
459,Coffee
459,Jam
460,Milk
460,Coffee
460,Jam
460,Sugar
461,Tea
461,Bread
461,Butter
461,Cookie
461,Milk
462,Sugar
463,Bread
463,Butter
464,Cookie
465,Milk
465,Coffee
465,Sugar
465,Cookie
465,Bread
465,Butter
466,Butter
466,Jam
466,Coffee
466,Bread
466,Sugar
467,Cookie
467,Butter
467,Tea
468,Sugar
468,Jam
469,Tea
469,Cookie
469,Jam
469,Bread
469,Butter
470,Bread
470,Jam
470,Milk
470,Cookie
470,Butter
471,Tea
471,Sugar
471,Cookie
471,Coffee
471,Bread
472,Bread
472,Jam
472,Sugar
472,Milk
472,Cookie
472,Butter
473,Tea
473,Bread
473,Butter
474,Sugar
474,Tea
474,Cookie
474,Milk
475,Milk
475,Tea
475,Bread
475,Coffee
475,Sugar
476,Milk
476,Coffee
476,Butter
477,Milk
477,Coffee
477,Tea
477,Sugar
478,Butter
479,Bread
479,Jam
479,Tea
479,Sugar
480,Sugar
481,Milk
481,Cookie
482,Tea
482,Butter
482,Coffee
482,Bread
482,Sugar
483,Cookie
483,Butter
483,Sugar
483,Jam
484,Bread
485,Bread
485,Sugar
486,Bread
486,Jam
487,Tea
488,Jam
488,Bread
488,Tea
488,Sugar
488,Milk
488,Butter
489,Butter
489,Milk
490,Bread
490,Milk
490,Cookie
491,Cookie
491,Jam
491,Tea
491,Sugar
492,Bread
492,Cookie
492,Butter
493,Tea
493,Jam
493,Butter
493,Sugar
493,Bread
494,Milk
494,Sugar
494,Butter
495,Sugar
496,Coffee
496,Butter
497,Milk
497,Butter
497,Tea
497,Sugar
498,Cookie
498,Coffee
498,Milk
498,Butter
498,Sugar
499,Butter
499,Milk
499,Cookie
500,Milk
500,Tea
500,Jam
501,Coffee
501,Bread
501,Butter
502,Coffee
502,Jam
502,Tea
502,Sugar
503,Bread
503,Jam
503,Butter
503,Milk
503,Sugar
504,Jam
505,Jam
505,Cookie
506,Butter
506,Coffee
506,Jam
506,Tea
506,Cookie
506,Sugar
507,Coffee
507,Milk
507,Cookie
507,Sugar
507,Butter
508,Cookie
508,Bread
509,Butter
510,Jam
511,Bread
512,Butter
512,Tea
513,Sugar
513,Jam
514,Sugar
514,Coffee
515,Butter
515,Bread
516,Butter
517,Milk
517,Sugar
517,Butter
517,Bread
517,Coffee
518,Jam
519,Milk
519,Butter
519,Bread
520,Bread
521,Jam
521,Milk
521,Tea
522,Coffee
522,Jam
522,Cookie
522,Tea
522,Sugar
523,Butter
523,Coffee
523,Bread
524,Tea
524,Coffee
524,Bread
524,Butter
524,Sugar
525,Cookie
525,Coffee
525,Milk
526,Butter
526,Cookie
526,Milk
527,Sugar
527,Milk
527,Tea
528,Sugar
528,Bread
528,Coffee
528,Tea
528,Cookie
529,Milk
529,Coffee
529,Jam
529,Sugar
530,Sugar
530,Bread
531,Jam
531,Butter
531,Tea
531,Coffee
531,Sugar
532,Jam
532,Sugar
533,Sugar
533,Butter
534,Bread
534,Butter
535,Butter
535,Bread
536,Jam
537,Butter
537,Coffee
538,Bread
538,Milk
538,Butter
539,Coffee
539,Milk
539,Jam
539,Sugar
540,Jam
540,Milk
540,Cookie
541,Cookie
541,Coffee
541,Butter
541,Bread
541,Sugar
542,Butter
542,Sugar
543,Cookie
543,Bread
543,Butter
543,Milk
544,Milk
544,Bread
544,Sugar
544,Jam
544,Butter
545,Cookie
545,Coffee
545,Butter
545,Jam
545,Sugar
546,Coffee
546,Bread
546,Tea
546,Sugar
546,Butter
547,Coffee
547,Tea
547,Cookie
547,Bread
547,Sugar
547,Butter
548,Tea
549,Butter
549,Cookie
550,Butter
550,Jam
550,Bread
550,Milk
551,Butter
551,Sugar
551,Bread
551,Milk
552,Sugar
552,Tea
553,Sugar
553,Coffee
553,Bread
553,Butter
553,Jam
554,Cookie
554,Milk
555,Coffee
555,Sugar
556,Cookie
556,Sugar
556,Tea
556,Butter
557,Bread
557,Jam
557,Coffee
557,Milk
557,Cookie
557,Butter
558,Bread
558,Coffee
558,Cookie
558,Sugar
559,Tea
559,Jam
559,Cookie
559,Bread
560,Bread
560,Milk
560,Coffee
560,Jam
560,Sugar
561,Tea
561,Cookie
561,Coffee
561,Sugar
562,Cookie
562,Butter
562,Jam
562,Bread
563,Coffee
563,Tea
563,Sugar
564,Jam
564,Cookie
564,Tea
565,Butter
565,Jam
565,Coffee
566,Tea
566,Sugar
567,Cookie
567,Coffee
567,Sugar
567,Butter
567,Jam
568,Coffee
568,Jam
568,Bread
568,Cookie
569,Milk
569,Cookie
569,Coffee
569,Butter
569,Bread
569,Sugar
570,Coffee
570,Cookie
570,Bread
570,Tea
570,Sugar
571,Sugar
571,Milk
571,Bread
571,Butter
572,Butter
572,Sugar
572,Milk
572,Tea
572,Bread
573,Cookie
573,Milk
573,Jam
573,Sugar
574,Milk
574,Coffee
574,Bread
574,Tea
575,Sugar
575,Milk
575,Coffee
576,Milk
576,Tea
577,Bread
577,Milk
577,Butter
577,Tea
578,Cookie
578,Jam
578,Butter
578,Tea
578,Bread
579,Tea
580,Butter
580,Milk
580,Sugar
580,Coffee
580,Tea
581,Butter
582,Coffee
582,Jam
582,Cookie
582,Tea
582,Sugar
583,Sugar
583,Jam
583,Tea
584,Coffee
584,Milk
584,Bread
584,Sugar
584,Tea
584,Butter
585,Butter
586,Tea
587,Milk
587,Cookie
587,Butter
587,Tea
587,Bread
588,Sugar
588,Milk
588,Coffee
589,Butter
589,Cookie
589,Milk
589,Jam
590,Jam
590,Bread
590,Milk
590,Butter
591,Sugar
591,Cookie
592,Jam
592,Coffee
592,Sugar
593,Sugar
593,Jam
593,Bread
593,Milk
593,Cookie
593,Butter
594,Tea
595,Milk
595,Bread
595,Butter
595,Sugar
595,Coffee
596,Sugar
596,Bread
596,Coffee
596,Butter
597,Tea
597,Coffee
598,Jam
598,Coffee
598,Sugar
599,Bread
599,Milk
599,Tea
599,Coffee
599,Sugar
599,Butter
600,Bread
600,Tea
600,Cookie
600,Butter
601,Cookie
602,Tea
602,Butter
602,Milk
603,Tea
603,Cookie
603,Bread
603,Sugar
603,Coffee
604,Tea
604,Cookie
604,Milk
604,Coffee
604,Sugar
605,Sugar
605,Bread
606,Coffee
607,Cookie
607,Tea
607,Sugar
607,Jam
608,Cookie
609,Tea
609,Bread
609,Jam
609,Coffee
609,Sugar
609,Butter
610,Tea
611,Butter
611,Milk
611,Jam
611,Sugar
611,Coffee
612,Jam
612,Sugar
612,Tea
612,Bread
612,Butter
613,Cookie
613,Sugar
614,Milk
614,Butter
614,Coffee
614,Tea
614,Cookie
614,Sugar
615,Milk
616,Bread
617,Milk
617,Butter
618,Coffee
618,Sugar
619,Sugar
620,Jam
620,Cookie
621,Butter
621,Cookie
621,Jam
621,Sugar
621,Milk
622,Sugar
622,Jam
622,Bread
622,Butter
623,Tea
623,Cookie
623,Bread
623,Jam
623,Milk
623,Butter
624,Milk
624,Sugar
624,Bread
624,Butter
625,Bread
625,Cookie
625,Jam
625,Tea
625,Sugar
626,Sugar
626,Bread
626,Coffee
626,Jam
626,Tea
626,Butter
627,Bread
627,Butter
628,Cookie
629,Butter
629,Cookie
630,Jam
630,Sugar
631,Cookie
632,Butter
632,Sugar
632,Bread
633,Sugar
633,Jam
633,Coffee
633,Cookie
633,Milk
634,Milk
634,Cookie
634,Jam
635,Cookie
635,Sugar
635,Bread
635,Butter
636,Coffee
636,Cookie
636,Butter
636,Sugar
637,Tea
638,Tea
638,Bread
638,Butter
638,Milk
639,Bread
639,Sugar
639,Butter
640,Bread
640,Coffee
640,Milk
640,Sugar
640,Cookie
640,Butter
641,Jam
642,Milk
642,Jam
642,Coffee
642,Butter
642,Bread
642,Sugar
643,Coffee
643,Cookie
643,Bread
643,Sugar
643,Butter
644,Milk
644,Sugar
644,Bread
644,Butter
645,Coffee
645,Bread
645,Sugar
645,Tea
645,Cookie
646,Cookie
646,Milk
646,Coffee
646,Bread
646,Tea
646,Sugar
647,Milk
647,Tea
647,Cookie
647,Sugar
647,Butter
648,Coffee
648,Bread
648,Cookie
648,Sugar
648,Milk
648,Butter
649,Coffee
649,Tea
649,Milk
649,Sugar
650,Butter
650,Jam
651,Milk
651,Bread
651,Sugar
651,Butter
652,Bread
652,Butter
652,Cookie
653,Coffee
653,Tea
653,Milk
653,Bread
653,Sugar
654,Milk
654,Tea
654,Bread
654,Sugar
654,Butter
655,Jam
655,Cookie
655,Tea
656,Milk
656,Tea
657,Cookie
657,Jam
657,Tea
658,Coffee
658,Butter
659,Jam
659,Sugar
659,Butter
659,Cookie
660,Butter
661,Sugar
661,Jam
661,Cookie
661,Milk
662,Coffee
662,Milk
662,Sugar
662,Butter
662,Tea
663,Bread
663,Tea
663,Coffee
663,Milk
663,Sugar
663,Butter
664,Butter
664,Coffee
664,Milk
665,Cookie
665,Sugar
665,Jam
665,Tea
665,Butter
666,Tea
666,Coffee
666,Sugar
666,Butter
666,Jam
667,Bread
667,Sugar
667,Butter
668,Butter
668,Jam
668,Coffee
668,Sugar
669,Bread
670,Coffee
670,Butter
670,Tea
671,Tea
671,Butter
671,Coffee
671,Jam
671,Bread
672,Jam
672,Cookie
673,Sugar
674,Cookie
674,Coffee
675,Milk
676,Sugar
677,Cookie
677,Jam
678,Milk
678,Coffee
678,Sugar
679,Cookie
679,Butter
679,Milk
679,Sugar
679,Coffee
680,Cookie
680,Sugar
680,Milk
680,Coffee
680,Tea
681,Bread
681,Butter
682,Milk
682,Tea
682,Butter
682,Bread
682,Sugar
683,Coffee
683,Tea
683,Bread
683,Butter
683,Sugar
684,Cookie
684,Butter
684,Jam
685,Milk
685,Coffee
685,Jam
685,Sugar
685,Butter
686,Butter
686,Jam
687,Cookie
687,Sugar
687,Jam
687,Butter
688,Cookie
688,Butter
688,Jam
688,Sugar
688,Coffee
689,Milk
689,Coffee
689,Bread
689,Cookie
689,Sugar
690,Milk
690,Sugar
691,Jam
691,Tea
691,Sugar
691,Milk
692,Jam
692,Sugar
692,Coffee
692,Butter
692,Milk
693,Butter
693,Tea
693,Coffee
693,Bread
693,Jam
693,Sugar
694,Butter
694,Tea
694,Cookie
694,Bread
695,Coffee
695,Sugar
696,Milk
696,Cookie
696,Coffee
697,Tea
698,Bread
698,Coffee
698,Sugar
699,Sugar
699,Bread
699,Coffee
699,Jam
699,Tea
699,Butter
700,Tea
700,Milk
700,Butter
701,Sugar
701,Butter
701,Bread
701,Milk
702,Cookie
702,Coffee
702,Sugar
702,Jam
703,Tea
703,Cookie
703,Bread
703,Jam
703,Coffee
704,Butter
704,Cookie
704,Tea
704,Milk
704,Jam
705,Bread
705,Butter
705,Coffee
705,Jam
705,Sugar
706,Milk
706,Tea
706,Jam
706,Sugar
707,Jam
708,Butter
708,Sugar
709,Jam
709,Sugar
709,Bread
710,Coffee
710,Bread
710,Jam
710,Milk
710,Sugar
710,Butter
711,Coffee
711,Milk
711,Jam
711,Tea
711,Butter
711,Sugar
712,Sugar
712,Butter
712,Jam
713,Butter
713,Cookie
713,Jam
714,Tea
714,Jam
714,Coffee
714,Sugar
714,Milk
715,Butter
716,Coffee
716,Cookie
716,Butter
716,Milk
716,Bread
716,Sugar
717,Milk
717,Coffee
717,Cookie
717,Sugar
718,Bread
718,Jam
718,Milk
718,Butter
719,Jam
719,Coffee
719,Milk
720,Milk
720,Tea
721,Bread
721,Butter
722,Butter
722,Sugar
722,Bread
722,Tea
723,Sugar
723,Bread
723,Butter
724,Jam
724,Coffee
724,Bread
724,Milk
724,Tea
724,Butter
725,Bread
725,Milk
725,Butter
726,Sugar
726,Butter
726,Bread
727,Coffee
727,Butter
727,Sugar
728,Cookie
728,Butter
729,Sugar
729,Butter
729,Cookie
729,Bread
730,Milk
731,Coffee
731,Jam
731,Sugar
731,Tea
732,Tea
733,Tea
733,Cookie
733,Butter
734,Cookie
734,Milk
734,Jam
734,Butter
734,Bread
735,Sugar
735,Butter
735,Cookie
736,Sugar
736,Milk
736,Butter
736,Cookie
737,Bread
737,Cookie
738,Coffee
738,Tea
738,Sugar
739,Cookie
740,Cookie
740,Tea
740,Sugar
740,Jam
740,Bread
740,Butter
741,Cookie
741,Tea
741,Coffee
741,Sugar
741,Milk
742,Bread
742,Milk
742,Butter
743,Bread
743,Butter
743,Sugar
743,Jam
744,Sugar
744,Coffee
744,Bread
744,Butter
744,Cookie
745,Tea
746,Milk
746,Coffee
746,Cookie
746,Bread
746,Sugar
746,Butter
747,Sugar
747,Coffee
748,Coffee
748,Cookie
749,Bread
749,Tea
749,Butter
749,Jam
750,Jam
751,Jam
751,Cookie
751,Sugar
751,Milk
752,Butter
752,Coffee
752,Milk
752,Jam
752,Sugar
753,Milk
754,Bread
754,Sugar
754,Butter
754,Coffee
755,Bread
755,Cookie
755,Butter
756,Tea
756,Coffee
756,Jam
756,Sugar
757,Cookie
757,Bread
757,Butter
758,Bread
758,Milk
758,Tea
758,Coffee
758,Butter
758,Sugar
759,Butter
759,Tea
760,Butter
760,Coffee
760,Sugar
760,Milk
761,Tea
762,Tea
762,Coffee
762,Sugar
763,Bread
763,Butter
763,Cookie
764,Cookie
764,Butter
764,Jam
764,Milk
764,Bread
765,Jam
765,Milk
765,Sugar
765,Coffee
765,Tea
766,Bread
766,Cookie
766,Tea
766,Coffee
766,Milk
766,Sugar
767,Butter
767,Cookie
768,Cookie
768,Milk
768,Sugar
768,Tea
769,Cookie
769,Tea
769,Sugar
770,Jam
771,Bread
771,Sugar
771,Tea
772,Bread
772,Jam
772,Butter
773,Tea
773,Milk
773,Butter
773,Cookie
773,Bread
774,Coffee
774,Sugar
774,Butter
775,Coffee
775,Sugar
776,Bread
777,Bread
777,Jam
777,Milk
777,Tea
777,Coffee
777,Sugar
777,Butter
778,Coffee
778,Tea
778,Cookie
778,Sugar
779,Butter
779,Tea
779,Sugar
780,Coffee
780,Cookie
780,Sugar
781,Bread
781,Sugar
781,Jam
782,Jam
782,Bread
782,Tea
782,Sugar
782,Butter
783,Jam
783,Butter
784,Sugar
784,Tea
785,Jam
785,Butter
785,Bread
786,Coffee
786,Jam
786,Tea
786,Sugar
787,Sugar
787,Coffee
787,Tea
788,Milk
788,Sugar
788,Jam
789,Tea
790,Sugar
790,Milk
790,Cookie
791,Cookie
791,Tea
791,Butter
791,Milk
792,Cookie
792,Tea
793,Bread
793,Milk
793,Coffee
793,Sugar
793,Cookie
794,Butter
794,Milk
794,Bread
794,Jam
794,Cookie
795,Jam
795,Sugar
795,Milk
796,Cookie
796,Coffee
796,Jam
796,Sugar
797,Coffee
797,Sugar
798,Bread
798,Butter
798,Jam
798,Coffee
798,Sugar
799,Tea
799,Milk
799,Sugar
799,Coffee
799,Butter
800,Butter
801,Cookie
801,Jam
801,Butter
801,Tea
802,Sugar
802,Cookie
802,Jam
802,Butter
803,Butter
803,Jam
803,Sugar
803,Coffee
803,Cookie
804,Bread
804,Butter
805,Milk
805,Butter
805,Sugar
805,Tea
805,Cookie
806,Bread
806,Cookie
806,Coffee
806,Milk
806,Sugar
806,Butter
807,Sugar
807,Bread
807,Jam
807,Milk
807,Butter
808,Coffee
808,Jam
808,Milk
808,Sugar
809,Butter
809,Jam
809,Tea
809,Sugar
809,Cookie
810,Butter
810,Bread
810,Sugar
810,Tea
810,Cookie
811,Tea
812,Sugar
812,Tea
812,Coffee
812,Butter
813,Cookie
813,Tea
813,Sugar
814,Bread
814,Coffee
814,Sugar
814,Butter
815,Sugar
815,Cookie
815,Tea
816,Coffee
816,Butter
816,Cookie
816,Tea
816,Jam
817,Cookie
818,Milk
818,Bread
818,Coffee
818,Sugar
819,Milk
819,Butter
819,Jam
820,Butter
820,Cookie
820,Jam
821,Jam
821,Bread
821,Sugar
821,Coffee
821,Milk
821,Butter
822,Cookie
822,Coffee
822,Sugar
822,Bread
822,Tea
823,Sugar
824,Cookie
825,Milk
826,Butter
826,Coffee
826,Tea
826,Sugar
827,Cookie
827,Butter
827,Tea
827,Jam
827,Bread
828,Tea
829,Cookie
829,Butter
830,Butter
830,Bread
830,Cookie
830,Coffee
830,Sugar
831,Cookie
831,Tea
831,Butter
832,Coffee
832,Milk
832,Sugar
833,Butter
833,Milk
833,Bread
833,Coffee
834,Tea
834,Cookie
834,Sugar
834,Jam
834,Butter
835,Sugar
836,Cookie
836,Bread
836,Milk
837,Tea
837,Coffee
837,Cookie
837,Sugar
838,Bread
838,Butter
839,Butter
840,Cookie
840,Milk
840,Butter
841,Sugar
841,Cookie
841,Tea
842,Butter
843,Sugar
844,Butter
844,Bread
844,Milk
844,Coffee
844,Sugar
845,Butter
846,Coffee
846,Jam
846,Butter
846,Cookie
846,Sugar
847,Bread
847,Jam
847,Butter
847,Tea
847,Milk
848,Milk
849,Milk
849,Tea
849,Jam
849,Bread
849,Butter
850,Coffee
850,Jam
850,Bread
851,Bread
851,Jam
851,Coffee
851,Butter
851,Milk
852,Cookie
852,Jam
853,Bread
853,Cookie
853,Jam
853,Coffee
853,Butter
854,Sugar
855,Jam
855,Coffee
855,Tea
855,Bread
855,Sugar
855,Butter
856,Milk
856,Sugar
856,Coffee
857,Coffee
857,Butter
857,Sugar
857,Bread
857,Milk
858,Sugar
859,Cookie
859,Jam
859,Tea
860,Jam
860,Bread
860,Tea
861,Sugar
862,Bread
862,Tea
862,Butter
863,Coffee
863,Sugar
863,Bread
863,Cookie
863,Milk
864,Jam
864,Milk
865,Bread
865,Sugar
865,Milk
865,Butter
865,Tea
866,Sugar
866,Tea
866,Milk
866,Cookie
867,Jam
868,Milk
868,Jam
869,Coffee
869,Tea
870,Cookie
870,Sugar
870,Butter
871,Bread
872,Tea
873,Coffee
873,Sugar
874,Cookie
874,Sugar
875,Bread
875,Butter
876,Bread
876,Cookie
876,Butter
877,Butter
878,Butter
879,Milk
879,Sugar
879,Tea
879,Butter
879,Coffee
880,Coffee
880,Sugar
880,Butter
880,Jam
881,Coffee
881,Sugar
881,Tea
881,Butter
881,Cookie
882,Milk
882,Bread
882,Butter
883,Sugar
883,Jam
883,Tea
884,Cookie
884,Tea
884,Bread
884,Sugar
884,Butter
885,Coffee
885,Tea
885,Sugar
886,Bread
886,Sugar
886,Butter
887,Milk
887,Tea
888,Jam
888,Milk
888,Cookie
888,Coffee
888,Tea
888,Sugar
889,Tea
889,Bread
889,Milk
890,Bread
890,Jam
890,Cookie
890,Butter
891,Coffee
891,Cookie
891,Milk
891,Butter
892,Tea
892,Jam
892,Coffee
892,Sugar
893,Tea
893,Milk
894,Jam
895,Butter
895,Tea
895,Bread
896,Cookie
896,Bread
896,Butter
897,Tea
897,Butter
897,Milk
898,Jam
898,Tea
899,Bread
899,Jam
899,Cookie
899,Sugar
899,Milk
899,Butter
900,Tea
900,Cookie
901,Bread
901,Coffee
901,Jam
901,Butter
901,Tea
901,Sugar
902,Milk
903,Jam
903,Coffee
903,Bread
904,Milk
904,Tea
904,Butter
905,Butter
905,Tea
905,Cookie
906,Cookie
906,Jam
906,Coffee
906,Tea
906,Sugar
907,Milk
907,Coffee
907,Jam
907,Bread
907,Sugar
908,Bread
908,Cookie
908,Butter
908,Tea
909,Milk
910,Coffee
911,Coffee
911,Sugar
911,Butter
912,Coffee
912,Butter
912,Sugar
912,Jam
913,Cookie
914,Tea
914,Coffee
914,Milk
914,Sugar
915,Coffee
915,Tea
915,Bread
915,Milk
915,Sugar
916,Bread
917,Sugar
917,Cookie
917,Bread
917,Butter
918,Sugar
918,Jam
918,Cookie
919,Cookie
919,Tea
919,Coffee
919,Bread
919,Sugar
920,Cookie
921,Butter
921,Milk
921,Coffee
921,Bread
921,Sugar
922,Cookie
923,Cookie
924,Sugar
925,Bread
925,Coffee
925,Cookie
925,Sugar
926,Sugar
926,Tea
926,Cookie
926,Coffee
926,Bread
926,Butter
927,Sugar
927,Butter
928,Milk
928,Butter
928,Jam
929,Jam
930,Jam
930,Butter
930,Tea
930,Sugar
931,Milk
931,Butter
931,Tea
931,Bread
932,Tea
932,Sugar
932,Coffee
932,Bread
932,Butter
933,Milk
933,Jam
933,Tea
933,Bread
934,Sugar
934,Tea
935,Milk
935,Bread
935,Jam
935,Butter
936,Coffee
936,Sugar
937,Coffee
937,Jam
937,Tea
937,Bread
937,Cookie
937,Sugar
938,Cookie
938,Butter
939,Butter
940,Coffee
940,Sugar
941,Butter
942,Coffee
943,Milk
944,Bread
944,Milk
944,Sugar
944,Coffee
944,Butter
945,Milk
946,Milk
947,Bread
947,Sugar
948,Coffee
948,Bread
948,Sugar
949,Butter
949,Tea
949,Sugar
949,Milk
949,Cookie
950,Bread
950,Sugar
950,Cookie
951,Milk
952,Butter
952,Coffee
952,Sugar
953,Coffee
953,Bread
953,Cookie
954,Butter
954,Bread
954,Sugar
954,Tea
955,Jam
955,Butter
955,Tea
956,Butter
957,Coffee
958,Cookie
958,Tea
958,Coffee
958,Bread
958,Butter
958,Sugar
959,Coffee
959,Cookie
959,Sugar
960,Jam
960,Bread
960,Milk
960,Coffee
961,Tea
961,Milk
961,Bread
961,Cookie
961,Sugar
961,Butter
962,Cookie
962,Milk
963,Jam
963,Cookie
963,Milk
963,Tea
964,Tea
964,Jam
964,Butter
964,Coffee
965,Milk
965,Butter
965,Sugar
965,Cookie
966,Butter
966,Tea
967,Coffee
967,Cookie
967,Sugar
967,Bread
967,Butter
968,Sugar
968,Milk
969,Butter
970,Sugar
970,Jam
970,Coffee
971,Tea
971,Coffee
971,Sugar
972,Butter
972,Cookie
972,Bread
972,Milk
972,Sugar
973,Tea
974,Coffee
974,Jam
974,Butter
974,Sugar
975,Tea
975,Butter
975,Coffee
975,Milk
975,Cookie
975,Sugar
976,Bread
977,Jam
977,Bread
978,Jam
979,Sugar
980,Coffee
980,Butter
980,Sugar
981,Tea
982,Jam
982,Butter
982,Cookie
982,Tea
982,Bread
983,Milk
983,Coffee
983,Jam
983,Cookie
983,Tea
983,Sugar
984,Jam
984,Cookie
985,Jam
985,Milk
985,Cookie
985,Butter
985,Sugar
986,Jam
986,Coffee
986,Butter
986,Sugar
987,Butter
987,Bread
988,Tea
988,Sugar
988,Milk
988,Cookie
989,Cookie
989,Tea
989,Butter
989,Milk
990,Milk
990,Cookie
990,Jam
991,Butter
991,Jam
992,Coffee
992,Sugar
992,Butter
992,Jam
992,Bread
993,Jam
994,Sugar
994,Coffee
994,Butter
995,Bread
995,Cookie
995,Milk
995,Coffee
995,Sugar
996,Tea
996,Cookie
996,Bread
996,Butter
997,Tea
997,Sugar
997,Milk
997,Butter
997,Bread
998,Bread
998,Cookie
998,Butter
999,Tea
999,Butter
999,Coffee
999,Milk
999,Cookie
999,Sugar
1000,Milk
